millis,stamp,datetime,motion
999, 2272837585, 2165/165/165 165:165:85, Inactive
1999, 2272837585, 2165/165/165 165:165:85, Inactive
2999, 2272837585, 2165/165/165 165:165:85, Inactive
3998, 2272837585, 2165/165/165 165:165:85, Active
4999, 2272837585, 2165/165/165 165:165:85, Active
5999, 2272837585, 2165/165/165 165:165:85, Active
6999, 2272837585, 2165/165/165 165:165:85, Active
7999, 2272837585, 2165/165/165 165:165:85, Active
8999, 2272837585, 2165/165/165 165:165:85, Active
9999, 2272837585, 2165/165/165 165:165:85, Active
10999, 2272837585, 2165/165/165 165:165:85, Inactive
12000, 2272837585, 2165/165/165 165:165:85, Inactive
12999, 2272837585, 2165/165/165 165:165:85, Inactive
13999, 2272837585, 2165/165/165 165:165:85, Inactive
14999, 2272837585, 2165/165/165 165:165:85, Inactive
16000, 2272837585, 2165/165/165 165:165:85, Inactive
16999, 2272837585, 2165/165/165 165:165:85, Inactive
17998, 2272837585, 2165/165/165 165:165:85, Inactive
18999, 2272837585, 2165/165/165 165:165:85, Inactive
19999, 2272837585, 2165/165/165 165:165:85, Inactive
21000, 2272837585, 2165/165/165 165:165:85, Inactive
21999, 2272837585, 2165/165/165 165:165:85, Inactive
22999, 2272837585, 2165/165/165 165:165:85, Inactive
23999, 2272837585, 2165/165/165 165:165:85, Inactive
24999, 2272837585, 2165/165/165 165:165:85, Active
25999, 2272837585, 2165/165/165 165:165:85, Active
26999, 2272837585, 2165/165/165 165:165:85, Active
27999, 2272837585, 2165/165/165 165:165:85, Active
28999, 2272837585, 2165/165/165 165:165:85, Active
29999, 2272837585, 2165/165/165 165:165:85, Active
30999, 2272837585, 2165/165/165 165:165:85, Active
32000, 2272837585, 2165/165/165 165:165:85, Active
32999, 2272837585, 2165/165/165 165:165:85, Active
33999, 2272837585, 2165/165/165 165:165:85, Active
34999, 2272837585, 2165/165/165 165:165:85, Active
35999, 2272837585, 2165/165/165 165:165:85, Active
36999, 2272837585, 2165/165/165 165:165:85, Active
37999, 2272837585, 2165/165/165 165:165:85, Inactive
39000, 2272837585, 2165/165/165 165:165:85, Inactive
39998, 2272837585, 2165/165/165 165:165:85, Inactive
40999, 2272837585, 2165/165/165 165:165:85, Inactive
41999, 2272837585, 2165/165/165 165:165:85, Inactive
42998, 2272837585, 2165/165/165 165:165:85, Inactive
43999, 2272837585, 2165/165/165 165:165:85, Inactive
44999, 2272837585, 2165/165/165 165:165:85, Inactive
45999, 2272837585, 2165/165/165 165:165:85, Inactive
46999, 2272837585, 2165/165/165 165:165:85, Inactive
48000, 2272837585, 2165/165/165 165:165:85, Inactive
48999, 2272837585, 2165/165/165 165:165:85, Inactive
49999, 2272837585, 2165/165/165 165:165:85, Inactive
50999, 2272837585, 2165/165/165 165:165:85, Inactive
51999, 2272837585, 2165/165/165 165:165:85, Inactive
52999, 2272837585, 2165/165/165 165:165:85, Inactive
53999, 2272837585, 2165/165/165 165:165:85, Inactive
54999, 2272837585, 2165/165/165 165:165:85, Inactive
55999, 2272837585, 2165/165/165 165:165:85, Inactive
56999, 2272837585, 2165/165/165 165:165:85, Inactive
57999, 2272837585, 2165/165/165 165:165:85, Inactive
58999, 2272837585, 2165/165/165 165:165:85, Inactive
59999, 2272837585, 2165/165/165 165:165:85, Inactive
60999, 2272837585, 2165/165/165 165:165:85, Inactive
61999, 2272837585, 2165/165/165 165:165:85, Inactive
62999, 2272837585, 2165/165/165 165:165:85, Inactive
64000, 2272837585, 2165/165/165 165:165:85, Inactive
64999, 2272837585, 2165/165/165 165:165:85, Inactive
65999, 2272837585, 2165/165/165 165:165:85, Active
66999, 2272837585, 2165/165/165 165:165:85, Active
67999, 2272837585, 2165/165/165 165:165:85, Active
69000, 2272837585, 2165/165/165 165:165:85, Active
69999, 2272837585, 2165/165/165 165:165:85, Active
70999, 2272837585, 2165/165/165 165:165:85, Active
71999, 2272837585, 2165/165/165 165:165:85, Active
72999, 2272837585, 2165/165/165 165:165:85, Active
73999, 2272837585, 2165/165/165 165:165:85, Active
74999, 2272837585, 2165/165/165 165:165:85, Active
75999, 2272837585, 2165/165/165 165:165:85, Active
76999, 2272837585, 2165/165/165 165:165:85, Active
78000, 2272837585, 2165/165/165 165:165:85, Active
78999, 2272837585, 2165/165/165 165:165:85, Active
80000, 2272837585, 2165/165/165 165:165:85, Inactive
80999, 2272837585, 2165/165/165 165:165:85, Inactive
81999, 2272837585, 2165/165/165 165:165:85, Inactive
82999, 2272837585, 2165/165/165 165:165:85, Inactive
83999, 2272837585, 2165/165/165 165:165:85, Inactive
84999, 2272837585, 2165/165/165 165:165:85, Inactive
85999, 2272837585, 2165/165/165 165:165:85, Inactive
87000, 2272837585, 2165/165/165 165:165:85, Inactive
87999, 2272837585, 2165/165/165 165:165:85, Inactive
88999, 2272837585, 2165/165/165 165:165:85, Inactive
89999, 2272837585, 2165/165/165 165:165:85, Inactive
90999, 2272837585, 2165/165/165 165:165:85, Inactive
91999, 2272837585, 2165/165/165 165:165:85, Inactive
92999, 2272837585, 2165/165/165 165:165:85, Inactive
94000, 2272837585, 2165/165/165 165:165:85, Inactive
94999, 2272837585, 2165/165/165 165:165:85, Inactive
95998, 2272837585, 2165/165/165 165:165:85, Inactive
96999, 2272837585, 2165/165/165 165:165:85, Inactive
97999, 2272837585, 2165/165/165 165:165:85, Inactive
98999, 2272837585, 2165/165/165 165:165:85, Inactive
99999, 2272837585, 2165/165/165 165:165:85, Inactive
101000, 2272837585, 2165/165/165 165:165:85, Inactive
101999, 2272837585, 2165/165/165 165:165:85, Inactive
102999, 2272837585, 2165/165/165 165:165:85, Inactive
103999, 2272837585, 2165/165/165 165:165:85, Inactive
104999, 2272837585, 2165/165/165 165:165:85, Inactive
105999, 2272837585, 2165/165/165 165:165:85, Inactive
106999, 2272837585, 2165/165/165 165:165:85, Inactive
107999, 2272837585, 2165/165/165 165:165:85, Inactive
108999, 2272837585, 2165/165/165 165:165:85, Inactive
109999, 2272837585, 2165/165/165 165:165:85, Inactive
110999, 2272837585, 2165/165/165 165:165:85, Inactive
112000, 2272837585, 2165/165/165 165:165:85, Inactive
112999, 2272837585, 2165/165/165 165:165:85, Inactive
113998, 2272837585, 2165/165/165 165:165:85, Inactive
114999, 2272837585, 2165/165/165 165:165:85, Inactive
115999, 2272837585, 2165/165/165 165:165:85, Inactive
116999, 2272837585, 2165/165/165 165:165:85, Inactive
117999, 2272837585, 2165/165/165 165:165:85, Inactive
118999, 2272837585, 2165/165/165 165:165:85, Inactive
119999, 2272837585, 2165/165/165 165:165:85, Inactive
120999, 2272837585, 2165/165/165 165:165:85, Inactive
121999, 2272837585, 2165/165/165 165:165:85, Inactive
122999, 2272837585, 2165/165/165 165:165:85, Inactive
123999, 2272837585, 2165/165/165 165:165:85, Inactive
124999, 2272837585, 2165/165/165 165:165:85, Inactive
125999, 2272837585, 2165/165/165 165:165:85, Inactive
126999, 2272837585, 2165/165/165 165:165:85, Inactive
128000, 2272837585, 2165/165/165 165:165:85, Inactive
128999, 2272837585, 2165/165/165 165:165:85, Inactive
129999, 2272837585, 2165/165/165 165:165:85, Inactive
130999, 2272837585, 2165/165/165 165:165:85, Inactive
131999, 2272837585, 2165/165/165 165:165:85, Inactive
132999, 2272837585, 2165/165/165 165:165:85, Inactive
133998, 2272837585, 2165/165/165 165:165:85, Inactive
135000, 2272837585, 2165/165/165 165:165:85, Inactive
135999, 2272837585, 2165/165/165 165:165:85, Inactive
136999, 2272837585, 2165/165/165 165:165:85, Inactive
137999, 2272837585, 2165/165/165 165:165:85, Inactive
138999, 2272837585, 2165/165/165 165:165:85, Inactive
139999, 2272837585, 2165/165/165 165:165:85, Inactive
140999, 2272837585, 2165/165/165 165:165:85, Inactive
141999, 2272837585, 2165/165/165 165:165:85, Inactive
142999, 2272837585, 2165/165/165 165:165:85, Inactive
144000, 2272837585, 2165/165/165 165:165:85, Inactive
144999, 2272837585, 2165/165/165 165:165:85, Inactive
145998, 2272837585, 2165/165/165 165:165:85, Inactive
146999, 2272837585, 2165/165/165 165:165:85, Inactive
147999, 2272837585, 2165/165/165 165:165:85, Inactive
148999, 2272837585, 2165/165/165 165:165:85, Inactive
149999, 2272837585, 2165/165/165 165:165:85, Inactive
150999, 2272837585, 2165/165/165 165:165:85, Inactive
151999, 2272837585, 2165/165/165 165:165:85, Inactive
152999, 2272837585, 2165/165/165 165:165:85, Inactive
153999, 2272837585, 2165/165/165 165:165:85, Inactive
154999, 2272837585, 2165/165/165 165:165:85, Inactive
155999, 2272837585, 2165/165/165 165:165:85, Inactive
156999, 2272837585, 2165/165/165 165:165:85, Inactive
157999, 2272837585, 2165/165/165 165:165:85, Active
158999, 2272837585, 2165/165/165 165:165:85, Active
160000, 2272837585, 2165/165/165 165:165:85, Active
160999, 2272837585, 2165/165/165 165:165:85, Active
161999, 2272837585, 2165/165/165 165:165:85, Active
162999, 2272837585, 2165/165/165 165:165:85, Active
163999, 2272837585, 2165/165/165 165:165:85, Active
164999, 2272837585, 2165/165/165 165:165:85, Active
165999, 2272837585, 2165/165/165 165:165:85, Active
166999, 2272837585, 2165/165/165 165:165:85, Inactive
167999, 2272837585, 2165/165/165 165:165:85, Inactive
168999, 2272837585, 2165/165/165 165:165:85, Inactive
169999, 2272837585, 2165/165/165 165:165:85, Inactive
170999, 2272837585, 2165/165/165 165:165:85, Inactive
172000, 2272837585, 2165/165/165 165:165:85, Inactive
172999, 2272837585, 2165/165/165 165:165:85, Inactive
173999, 2272837585, 2165/165/165 165:165:85, Inactive
174999, 2272837585, 2165/165/165 165:165:85, Inactive
176000, 2272837585, 2165/165/165 165:165:85, Inactive
176999, 2272837585, 2165/165/165 165:165:85, Inactive
177999, 2272837585, 2165/165/165 165:165:85, Inactive
178999, 2272837585, 2165/165/165 165:165:85, Inactive
179999, 2272837585, 2165/165/165 165:165:85, Inactive
180999, 2272837585, 2165/165/165 165:165:85, Inactive
181999, 2272837585, 2165/165/165 165:165:85, Inactive
182999, 2272837585, 2165/165/165 165:165:85, Inactive
183999, 2272837585, 2165/165/165 165:165:85, Inactive
184999, 2272837585, 2165/165/165 165:165:85, Inactive
185999, 2272837585, 2165/165/165 165:165:85, Inactive
186999, 2272837585, 2165/165/165 165:165:85, Inactive
187999, 2272837585, 2165/165/165 165:165:85, Inactive
188999, 2272837585, 2165/165/165 165:165:85, Inactive
190000, 2272837585, 2165/165/165 165:165:85, Inactive
190998, 2272837585, 2165/165/165 165:165:85, Inactive
192000, 2272837585, 2165/165/165 165:165:85, Inactive
192999, 2272837585, 2165/165/165 165:165:85, Inactive
193999, 2272837585, 2165/165/165 165:165:85, Inactive
194999, 2272837585, 2165/165/165 165:165:85, Inactive
195999, 2272837585, 2165/165/165 165:165:85, Inactive
196999, 2272837585, 2165/165/165 165:165:85, Inactive
197999, 2272837585, 2165/165/165 165:165:85, Inactive
199000, 2272837585, 2165/165/165 165:165:85, Inactive
199999, 2272837585, 2165/165/165 165:165:85, Inactive
200999, 2272837585, 2165/165/165 165:165:85, Inactive
201999, 2272837585, 2165/165/165 165:165:85, Inactive
202999, 2272837585, 2165/165/165 165:165:85, Inactive
203999, 2272837585, 2165/165/165 165:165:85, Inactive
204999, 2272837585, 2165/165/165 165:165:85, Inactive
205999, 2272837585, 2165/165/165 165:165:85, Inactive
206999, 2272837585, 2165/165/165 165:165:85, Inactive
207998, 2272837585, 2165/165/165 165:165:85, Inactive
208998, 2272837585, 2165/165/165 165:165:85, Active
209999, 2272837585, 2165/165/165 165:165:85, Active
210999, 2272837585, 2165/165/165 165:165:85, Active
211999, 2272837585, 2165/165/165 165:165:85, Active
212999, 2272837585, 2165/165/165 165:165:85, Active
213999, 2272837585, 2165/165/165 165:165:85, Active
214999, 2272837585, 2165/165/165 165:165:85, Active
215999, 2272837585, 2165/165/165 165:165:85, Active
216999, 2272837585, 2165/165/165 165:165:85, Active
217999, 2272837585, 2165/165/165 165:165:85, Active
218998, 2272837585, 2165/165/165 165:165:85, Inactive
219999, 2272837585, 2165/165/165 165:165:85, Inactive
220999, 2272837585, 2165/165/165 165:165:85, Inactive
